payment_id,customer_id,payment_date,amount,plan_type,payment_status
1,1,2024-10-12,49.78,Starter,Paid
2,1,2024-11-11,49.22,Starter,Paid
3,1,2024-12-11,48.06,Starter,Paid
4,1,2025-01-10,47.52,Starter,Paid
5,1,2025-02-09,-47.23,Starter,Refunded
6,1,2025-03-11,50.65,Starter,Paid
7,1,2025-04-10,50.86,Starter,Paid
8,1,2025-05-10,49.81,Starter,Paid
9,1,2025-06-09,51.31,Starter,Paid
10,1,2025-07-09,46.77,Starter,Paid
11,1,2025-08-08,46.57,Starter,Paid
12,1,2025-09-07,51.38,Scale,Paid
13,1,2025-10-07,582.1,Scale,Paid
14,1,2025-11-06,574.08,Scale,Paid
15,1,2025-12-06,583.92,Scale,Paid
16,1,2026-01-05,617.99,Scale,Paid
17,1,2026-02-04,592.65,Scale,Paid
18,1,2026-03-06,574.11,Scale,Failed
19,1,2026-04-05,578.35,Scale,Paid
20,1,2026-05-05,604.78,Scale,Paid
21,1,2026-06-04,598.65,Scale,Paid
22,2,2024-03-04,47.26,Starter,Paid
23,2,2024-04-03,49.06,Starter,Paid
24,2,2024-05-03,49.03,Starter,Paid
25,2,2024-06-02,49.34,Growth,Paid
26,2,2024-07-02,190.74,Growth,Paid
27,2,2024-08-01,208.14,Growth,Paid
28,2,2024-08-31,190.06,Growth,Paid
29,2,2024-09-30,193.92,Growth,Paid
30,2,2024-10-30,190.45,Growth,Failed
31,2,2024-11-29,190.88,Growth,Paid
32,2,2024-12-29,198.48,Growth,Paid
33,2,2025-01-28,193.72,Growth,Paid
34,2,2025-02-27,201.98,Growth,Paid
35,2,2025-03-29,190.58,Growth,Paid
36,2,2025-04-28,189.98,Growth,Paid
37,2,2025-05-28,200.98,Growth,Paid
38,2,2025-06-27,202.84,Growth,Paid
39,2,2025-07-27,198.65,Growth,Paid
40,2,2025-08-26,191.03,Growth,Paid
41,2,2025-09-25,203.16,Growth,Paid
42,2,2025-10-25,-204.32,Growth,Refunded
43,2,2025-11-24,195.25,Growth,Paid
44,2,2025-12-24,194.81,Growth,Paid
45,2,2026-01-23,-208.84,Growth,Refunded
46,2,2026-02-22,207.29,Growth,Failed
47,2,2026-03-24,190.85,Growth,Paid
48,2,2026-04-23,196.21,Growth,Paid
49,2,2026-05-23,194.61,Growth,Paid
50,2,2026-06-22,198.96,Growth,Paid
51,3,2024-07-08,47.33,Starter,Failed
52,3,2024-08-07,48.54,Starter,Paid
53,3,2024-09-06,48.39,Starter,Paid
54,3,2024-10-06,48.14,Starter,Paid
55,3,2024-11-05,51.16,Scale,Paid
56,3,2024-12-05,584.22,Scale,Paid
57,3,2025-01-04,621.16,Scale,Paid
58,3,2025-02-03,614.31,Scale,Paid
59,3,2025-03-05,572.14,Scale,Paid
60,3,2025-04-04,-577.97,Scale,Refunded
61,3,2025-05-04,587.95,Scale,Paid
62,3,2025-06-03,594.67,Scale,Paid
63,3,2025-07-03,593.01,Scale,Paid
64,3,2025-08-02,581.24,Scale,Paid
65,3,2025-09-01,593.66,Scale,Paid
66,3,2025-10-01,621.13,Scale,Paid
67,3,2025-10-31,602,Scale,Paid
68,3,2025-11-30,585.93,Scale,Paid
69,3,2025-12-30,608.15,Scale,Paid
70,3,2026-01-29,597.99,Scale,Paid
71,3,2026-02-28,607.58,Scale,Paid
72,3,2026-03-30,617.68,Scale,Paid
73,3,2026-04-29,588.99,Scale,Paid
74,3,2026-05-29,601.86,Scale,Paid
75,3,2026-06-28,602.35,Scale,Paid
76,4,2024-07-31,205.16,Scale,Paid
77,4,2024-08-30,591.98,Scale,Paid
78,4,2024-09-29,585.24,Scale,Paid
79,4,2024-10-29,603.45,Scale,Paid
80,4,2024-11-28,600.75,Scale,Paid
81,4,2024-12-28,574.6,Scale,Paid
82,4,2025-01-27,607.73,Scale,Paid
83,4,2025-02-26,617.83,Scale,Failed
84,4,2025-03-28,594.52,Scale,Paid
85,4,2025-04-27,627.05,Scale,Paid
86,4,2025-05-27,624.77,Scale,Failed
87,4,2025-06-26,597.09,Scale,Paid
88,4,2025-07-26,582.46,Scale,Paid
89,4,2025-08-25,575.57,Scale,Paid
90,4,2025-09-24,619.76,Scale,Paid
91,4,2025-10-24,615.58,Scale,Paid
92,4,2025-11-23,603.16,Scale,Paid
93,4,2025-12-23,626.7,Scale,Paid
94,4,2026-01-22,595.25,Scale,Paid
95,4,2026-02-21,587.04,Scale,Failed
96,4,2026-03-23,584.68,Scale,Paid
97,4,2026-04-22,-601.24,Scale,Refunded
98,4,2026-05-22,588,Scale,Paid
99,4,2026-06-21,600.57,Scale,Paid
100,5,2024-07-15,48.57,Starter,Paid
101,5,2024-08-14,47.5,Starter,Paid
102,5,2024-09-13,46.95,Starter,Paid
103,5,2024-10-13,48.36,Starter,Paid
104,5,2024-11-12,50.07,Starter,Paid
105,5,2024-12-12,46.58,Starter,Paid
106,6,2024-02-13,190.39,Growth,Paid
107,6,2024-03-14,204.29,Growth,Paid
108,6,2024-04-13,194.32,Growth,Paid
109,6,2024-05-13,201.46,Growth,Paid
110,6,2024-06-12,198.7,Growth,Paid
111,6,2024-07-12,200.89,Growth,Failed
112,6,2024-08-11,189.52,Growth,Paid
113,6,2024-09-10,203.18,Growth,Paid
114,6,2024-10-10,203.22,Growth,Paid
115,6,2024-11-09,190.63,Growth,Paid
116,6,2024-12-09,202.03,Growth,Paid
117,6,2025-01-08,195.26,Growth,Paid
118,6,2025-02-07,208.65,Growth,Paid
119,6,2025-03-09,190.61,Growth,Paid
120,6,2025-04-08,206.66,Growth,Paid
121,6,2025-05-08,196.61,Growth,Paid
122,6,2025-06-07,205.05,Growth,Paid
123,6,2025-07-07,192.94,Growth,Paid
124,6,2025-08-06,195.48,Growth,Paid
125,6,2025-09-05,201.62,Growth,Paid
126,6,2025-10-05,197.1,Growth,Paid
127,6,2025-11-04,205.04,Growth,Paid
128,6,2025-12-04,190.3,Growth,Paid
129,6,2026-01-03,195.72,Growth,Failed
130,6,2026-02-02,203.9,Growth,Paid
131,6,2026-03-04,194.97,Growth,Paid
132,6,2026-04-03,205.08,Growth,Failed
133,6,2026-05-03,205.49,Growth,Paid
134,6,2026-06-02,198.32,Growth,Paid
135,7,2024-09-12,51.03,Starter,Paid
136,7,2024-10-12,48.98,Starter,Paid
137,7,2024-11-11,48.04,Starter,Paid
138,7,2024-12-11,47.71,Starter,Paid
139,7,2025-01-10,50.39,Starter,Paid
140,7,2025-02-09,48.47,Starter,Paid
141,7,2025-03-11,49.73,Starter,Paid
142,7,2025-04-10,47.34,Starter,Paid
143,7,2025-05-10,46.9,Starter,Paid
144,7,2025-06-09,-48.61,Starter,Refunded
145,7,2025-07-09,47.4,Starter,Paid
146,7,2025-08-08,50.92,Starter,Paid
147,7,2025-09-07,50.34,Starter,Paid
148,7,2025-10-07,47.99,Starter,Paid
149,7,2025-11-06,47.79,Starter,Paid
150,7,2025-12-06,47.46,Starter,Paid
151,7,2026-01-05,51,Starter,Paid
152,7,2026-02-04,47.78,Starter,Paid
153,7,2026-03-06,49.73,Starter,Paid
154,7,2026-04-05,46.73,Starter,Paid
155,8,2024-09-29,582.89,Scale,Paid
156,8,2024-10-29,621.58,Scale,Paid
157,8,2024-11-28,605.02,Scale,Paid
158,8,2024-12-28,573.55,Scale,Paid
159,8,2025-01-27,605.17,Scale,Paid
160,8,2025-02-26,569.43,Scale,Paid
161,8,2025-03-28,590,Scale,Paid
162,8,2025-04-27,-571.7,Scale,Refunded
163,8,2025-05-27,612.91,Scale,Paid
164,8,2025-06-26,618.1,Scale,Paid
165,8,2025-07-26,606.25,Scale,Paid
166,8,2025-08-25,598.74,Scale,Paid
167,8,2025-09-24,616.72,Scale,Paid
168,8,2025-10-24,601.04,Scale,Paid
169,8,2025-11-23,-585.29,Scale,Refunded
170,8,2025-12-23,594.08,Scale,Paid
171,8,2026-01-22,621.98,Scale,Paid
172,8,2026-02-21,614.97,Scale,Paid
173,8,2026-03-23,592.45,Scale,Paid
174,8,2026-04-22,595.06,Scale,Paid
175,8,2026-05-22,574.47,Scale,Paid
176,8,2026-06-21,615.36,Scale,Paid
177,9,2024-11-24,191.89,Growth,Paid
178,9,2024-12-24,200.45,Growth,Failed
179,9,2025-01-23,192.47,Growth,Paid
180,9,2025-02-22,192.47,Growth,Paid
181,9,2025-03-24,204.05,Growth,Paid
182,9,2025-04-23,195.05,Growth,Paid
183,9,2025-05-23,207.21,Growth,Paid
184,9,2025-06-22,201.71,Growth,Paid
185,9,2025-07-22,202.75,Growth,Paid
186,9,2025-08-21,206.1,Growth,Paid
187,9,2025-09-20,192.95,Growth,Paid
188,9,2025-10-20,189.88,Growth,Failed
189,9,2025-11-19,196.2,Growth,Paid
190,9,2025-12-19,205.28,Growth,Paid
191,9,2026-01-18,205.82,Growth,Paid
192,9,2026-02-17,195.5,Growth,Paid
193,9,2026-03-19,205.95,Growth,Paid
194,9,2026-04-18,195.18,Growth,Paid
195,9,2026-05-18,196.36,Growth,Paid
196,9,2026-06-17,-189.12,Growth,Refunded
197,10,2025-03-13,197.94,Growth,Paid
198,10,2025-04-12,205.7,Growth,Paid
199,10,2025-05-12,190.39,Growth,Paid
200,10,2025-06-11,205.02,Growth,Paid
201,10,2025-07-11,189.86,Growth,Paid
202,10,2025-08-10,195.29,Growth,Paid
203,10,2025-09-09,204.02,Growth,Paid
204,10,2025-10-09,204.66,Growth,Paid
205,10,2025-11-08,201.27,Growth,Paid
206,10,2025-12-08,191.67,Growth,Paid
207,11,2025-02-03,50.52,Starter,Paid
208,11,2025-03-05,50.08,Starter,Paid
209,11,2025-04-04,49.54,Starter,Paid
210,11,2025-05-04,49.56,Starter,Paid
211,11,2025-06-03,47.8,Starter,Failed
212,11,2025-07-03,49.45,Starter,Paid
213,11,2025-08-02,48.37,Starter,Paid
214,11,2025-09-01,49.67,Starter,Paid
215,11,2025-10-01,48.4,Starter,Paid
216,11,2025-10-31,50.31,Starter,Paid
217,11,2025-11-30,51.28,Starter,Paid
218,11,2025-12-30,49.92,Starter,Paid
219,11,2026-01-29,49.17,Starter,Paid
220,11,2026-02-28,48.37,Starter,Paid
221,11,2026-03-30,47.27,Starter,Paid
222,11,2026-04-29,47.68,Starter,Paid
223,11,2026-05-29,48,Starter,Paid
224,11,2026-06-28,51.28,Starter,Paid
225,12,2025-11-18,50.94,Starter,Paid
226,12,2025-12-18,47.64,Starter,Paid
227,12,2026-01-17,48.6,Starter,Paid
228,12,2026-02-16,48.94,Starter,Paid
229,12,2026-03-18,46.82,Starter,Paid
230,12,2026-04-17,49.11,Starter,Paid
231,12,2026-05-17,48.03,Starter,Paid
232,12,2026-06-16,50.61,Growth,Paid
233,13,2025-03-12,611.43,Scale,Paid
234,13,2025-04-11,577.72,Scale,Paid
235,13,2025-05-11,617.66,Scale,Failed
236,13,2025-06-10,618.22,Scale,Paid
237,13,2025-07-10,603.7,Scale,Paid
238,13,2025-08-09,598.57,Scale,Paid
239,13,2025-09-08,572.74,Scale,Paid
240,13,2025-10-08,578.59,Scale,Paid
241,13,2025-11-07,605.75,Scale,Paid
242,13,2025-12-07,593.8,Scale,Paid
243,13,2026-01-06,607.84,Scale,Paid
244,13,2026-02-05,599.51,Scale,Paid
245,13,2026-03-07,628.59,Scale,Paid
246,13,2026-04-06,601.3,Scale,Paid
247,13,2026-05-06,623.69,Scale,Paid
248,13,2026-06-05,-579.56,Scale,Refunded
249,14,2026-05-14,607.63,Scale,Paid
250,14,2026-06-13,624.47,Scale,Failed
251,15,2025-10-29,572.2,Scale,Paid
252,15,2025-11-28,610.13,Scale,Paid
253,15,2025-12-28,586.76,Scale,Failed
254,15,2026-01-27,574.17,Scale,Paid
255,15,2026-02-26,623.24,Scale,Paid
256,15,2026-03-28,578.59,Scale,Paid
257,15,2026-04-27,592.33,Scale,Paid
258,15,2026-05-27,620.08,Scale,Failed
259,15,2026-06-26,619.46,Scale,Paid
260,16,2024-02-04,199.61,Starter,Paid
261,16,2024-03-05,49.34,Starter,Paid
262,16,2024-04-04,49.6,Starter,Paid
263,16,2024-05-04,47.26,Starter,Paid
264,16,2024-06-03,51.1,Starter,Paid
265,16,2024-07-03,46.69,Starter,Paid
266,16,2024-08-02,49.66,Starter,Paid
267,16,2024-09-01,46.87,Starter,Paid
268,16,2024-10-01,50.56,Starter,Paid
269,16,2024-10-31,46.87,Starter,Paid
270,17,2025-12-22,51.18,Starter,Paid
271,17,2026-01-21,47.1,Starter,Paid
272,17,2026-02-20,50.53,Starter,Paid
273,17,2026-03-22,49.64,Starter,Paid
274,17,2026-04-21,47.03,Starter,Paid
275,17,2026-05-21,48.11,Scale,Paid
276,17,2026-06-20,624.76,Scale,Paid
277,18,2025-05-26,207.17,Growth,Paid
278,18,2025-06-25,198.52,Growth,Paid
279,18,2025-07-25,204.75,Growth,Paid
280,18,2025-08-24,191.01,Growth,Paid
281,18,2025-09-23,200.32,Growth,Paid
282,18,2025-10-23,200.48,Growth,Paid
283,18,2025-11-22,199.47,Growth,Paid
284,18,2025-12-22,190.12,Growth,Paid
285,18,2026-01-21,202.88,Growth,Paid
286,18,2026-02-20,200.84,Growth,Failed
287,18,2026-03-22,200.55,Growth,Paid
288,18,2026-04-21,207.72,Growth,Paid
289,18,2026-05-21,207.73,Growth,Paid
290,18,2026-06-20,208.77,Growth,Paid
291,19,2024-08-26,48.15,Starter,Paid
292,19,2024-09-25,50.92,Starter,Paid
293,19,2024-10-25,49.71,Starter,Paid
294,19,2024-11-24,48.65,Starter,Paid
295,19,2024-12-24,51.36,Starter,Paid
296,19,2025-01-23,47.17,Starter,Paid
297,19,2025-02-22,49.52,Starter,Paid
298,19,2025-03-24,49.11,Starter,Paid
299,19,2025-04-23,49.26,Starter,Paid
300,20,2025-07-24,49.93,Starter,Paid
301,20,2025-08-23,48.19,Starter,Paid
302,20,2025-09-22,49.04,Starter,Paid
303,20,2025-10-22,50.6,Starter,Paid
304,20,2025-11-21,51.33,Starter,Paid
305,20,2025-12-21,48.26,Starter,Paid
306,20,2026-01-20,47.82,Starter,Failed
307,20,2026-02-19,47.36,Starter,Paid
308,20,2026-03-21,47.29,Starter,Paid
309,21,2025-08-12,586.86,Scale,Paid
310,21,2025-09-11,623.64,Scale,Paid
311,21,2025-10-11,596.84,Scale,Paid
312,21,2025-11-10,595.2,Scale,Paid
313,21,2025-12-10,586.79,Scale,Paid
314,21,2026-01-09,613.27,Scale,Paid
315,21,2026-02-08,620.14,Scale,Paid
316,21,2026-03-10,607.82,Scale,Paid
317,21,2026-04-09,608.13,Scale,Paid
318,21,2026-05-09,604.02,Scale,Paid
319,21,2026-06-08,576.49,Scale,Paid
320,22,2024-05-28,611.02,Scale,Paid
321,22,2024-06-27,593.02,Scale,Paid
322,22,2024-07-27,619.93,Scale,Paid
323,22,2024-08-26,620.48,Scale,Paid
324,22,2024-09-25,621.34,Scale,Paid
325,22,2024-10-25,569.69,Scale,Paid
326,22,2024-11-24,575.42,Scale,Paid
327,22,2024-12-24,611.95,Scale,Failed
328,22,2025-01-23,589.91,Scale,Paid
329,22,2025-02-22,581.33,Scale,Paid
330,22,2025-03-24,616.52,Scale,Paid
331,22,2025-04-23,613.5,Scale,Paid
332,22,2025-05-23,580.06,Scale,Paid
333,22,2025-06-22,612.72,Scale,Paid
334,22,2025-07-22,584.17,Scale,Paid
335,22,2025-08-21,573.55,Scale,Paid
336,22,2025-09-20,609.48,Scale,Paid
337,22,2025-10-20,587.23,Scale,Paid
338,22,2025-11-19,-627.24,Scale,Refunded
339,22,2025-12-19,596.73,Scale,Paid
340,22,2026-01-18,573.18,Scale,Paid
341,22,2026-02-17,607.52,Scale,Paid
342,22,2026-03-19,577.81,Scale,Paid
343,22,2026-04-18,616.69,Scale,Paid
344,22,2026-05-18,614.57,Scale,Paid
345,22,2026-06-17,597.17,Scale,Paid
346,23,2025-11-08,50,Starter,Paid
347,23,2025-12-08,49.88,Starter,Paid
348,23,2026-01-07,50.46,Starter,Paid
349,23,2026-02-06,48.12,Starter,Paid
350,23,2026-03-08,46.97,Starter,Paid
351,23,2026-04-07,48.04,Starter,Paid
352,23,2026-05-07,49.32,Starter,Paid
353,24,2024-12-10,49.15,Starter,Paid
354,24,2025-01-09,49.77,Starter,Paid
355,24,2025-02-08,47.99,Starter,Paid
356,25,2025-04-29,50.74,Starter,Paid
357,25,2025-05-29,50.4,Starter,Paid
358,25,2025-06-28,49.17,Starter,Paid
359,25,2025-07-28,51.34,Starter,Paid
360,25,2025-08-27,49.24,Starter,Paid
361,25,2025-09-26,48.97,Starter,Paid
362,25,2025-10-26,50.66,Starter,Paid
363,25,2025-11-25,47.13,Starter,Paid
364,25,2025-12-25,48.87,Starter,Paid
365,25,2026-01-24,50.99,Starter,Paid
366,25,2026-02-23,47.36,Starter,Paid
367,25,2026-03-25,47.34,Starter,Paid
368,25,2026-04-24,48.99,Starter,Paid
369,25,2026-05-24,-48.64,Starter,Refunded
370,25,2026-06-23,47.43,Starter,Paid
371,26,2024-09-02,46.65,Starter,Paid
372,26,2024-10-02,51.45,Starter,Paid
373,26,2024-11-01,48.92,Starter,Paid
374,26,2024-12-01,47.6,Starter,Paid
375,26,2024-12-31,47.01,Starter,Paid
376,26,2025-01-30,50.36,Starter,Paid
377,26,2025-03-01,47.94,Starter,Paid
378,26,2025-03-31,46.81,Starter,Paid
379,26,2025-04-30,48.97,Starter,Paid
380,26,2025-05-30,50.83,Starter,Paid
381,26,2025-06-29,48.96,Starter,Paid
382,26,2025-07-29,50.04,Starter,Paid
383,26,2025-08-28,-46.98,Starter,Refunded
384,26,2025-09-27,49.27,Starter,Paid
385,26,2025-10-27,48.5,Starter,Paid
386,26,2025-11-26,50.58,Starter,Paid
387,26,2025-12-26,46.84,Starter,Paid
388,26,2026-01-25,48.39,Starter,Paid
389,26,2026-02-24,49.93,Starter,Paid
390,26,2026-03-26,46.74,Starter,Paid
391,26,2026-04-25,47.4,Starter,Paid
392,26,2026-05-25,48.62,Starter,Paid
393,26,2026-06-24,46.62,Starter,Paid
394,27,2024-12-01,48.07,Starter,Paid
395,27,2024-12-31,47.46,Growth,Paid
396,27,2025-01-30,198.96,Growth,Paid
397,27,2025-03-01,204.45,Growth,Paid
398,27,2025-03-31,197.1,Growth,Paid
399,27,2025-04-30,-200.87,Growth,Refunded
400,27,2025-05-30,192.14,Growth,Paid
401,27,2025-06-29,190.7,Growth,Paid
402,27,2025-07-29,201.53,Starter,Paid
403,27,2025-08-28,51.38,Starter,Paid
404,27,2025-09-27,47.14,Starter,Paid
405,27,2025-10-27,49.34,Starter,Paid
406,27,2025-11-26,51.07,Starter,Paid
407,27,2025-12-26,49.95,Starter,Paid
408,27,2026-01-25,47.99,Starter,Paid
409,27,2026-02-24,49.83,Starter,Paid
410,27,2026-03-26,46.81,Starter,Paid
411,27,2026-04-25,50.88,Starter,Paid
412,27,2026-05-25,48.46,Starter,Paid
413,27,2026-06-24,51.24,Starter,Paid
414,28,2024-05-13,48.1,Starter,Failed
415,28,2024-06-12,48.85,Starter,Paid
416,28,2024-07-12,47.12,Starter,Failed
417,28,2024-08-11,50.48,Starter,Paid
418,28,2024-09-10,48.77,Starter,Paid
419,28,2024-10-10,48.19,Starter,Paid
420,28,2024-11-09,49.74,Starter,Paid
421,28,2024-12-09,50.81,Growth,Paid
422,28,2025-01-08,201.01,Growth,Paid
423,28,2025-02-07,206.72,Growth,Paid
424,28,2025-03-09,201.03,Growth,Paid
425,28,2025-04-08,194.69,Growth,Paid
426,28,2025-05-08,197.46,Growth,Paid
427,29,2024-08-19,50.9,Starter,Paid
428,29,2024-09-18,50.53,Starter,Paid
429,29,2024-10-18,47.89,Starter,Paid
430,29,2024-11-17,49.9,Starter,Paid
431,29,2024-12-17,46.97,Starter,Paid
432,29,2025-01-16,47.53,Starter,Paid
433,29,2025-02-15,47.7,Starter,Paid
434,29,2025-03-17,48.83,Starter,Paid
435,29,2025-04-16,50.23,Starter,Paid
436,29,2025-05-16,46.98,Starter,Paid
437,29,2025-06-15,47.69,Starter,Paid
438,29,2025-07-15,50.89,Starter,Paid
439,29,2025-08-14,49.44,Starter,Paid
440,29,2025-09-13,47.44,Starter,Paid
441,29,2025-10-13,49.32,Starter,Paid
442,29,2025-11-12,47.28,Starter,Paid
443,29,2025-12-12,48.38,Starter,Paid
444,29,2026-01-11,50.41,Starter,Paid
445,29,2026-02-10,48.24,Growth,Paid
446,29,2026-03-12,193.12,Growth,Paid
447,29,2026-04-11,200.73,Growth,Paid
448,29,2026-05-11,194.62,Growth,Paid
449,29,2026-06-10,200.85,Growth,Paid
450,30,2024-11-21,205.84,Growth,Paid
451,30,2024-12-21,196.58,Scale,Paid
452,30,2025-01-20,621.2,Scale,Paid
453,30,2025-02-19,623.55,Scale,Paid
454,30,2025-03-21,592.85,Scale,Paid
455,31,2026-04-18,584.46,Scale,Paid
456,31,2026-05-18,626.34,Scale,Paid
457,31,2026-06-17,595.91,Scale,Paid
458,32,2025-11-18,208.79,Scale,Paid
459,32,2025-12-18,625.43,Scale,Paid
460,32,2026-01-17,570.71,Scale,Paid
461,32,2026-02-16,599.8,Scale,Paid
462,32,2026-03-18,598.01,Scale,Paid
463,32,2026-04-17,569.4,Scale,Paid
464,32,2026-05-17,604.38,Scale,Paid
465,32,2026-06-16,597.25,Scale,Paid
466,33,2024-04-01,196.51,Growth,Paid
467,33,2024-05-01,205.12,Growth,Paid
468,33,2024-05-31,198.36,Growth,Paid
469,33,2024-06-30,192.17,Growth,Paid
470,33,2024-07-30,201.36,Growth,Paid
471,33,2024-08-29,204.54,Growth,Failed
472,33,2024-09-28,196.71,Growth,Paid
473,33,2024-10-28,208.4,Growth,Paid
474,33,2024-11-27,191.35,Growth,Paid
475,33,2024-12-27,203.7,Growth,Paid
476,33,2025-01-26,206.75,Growth,Paid
477,33,2025-02-25,197.37,Scale,Paid
478,33,2025-03-27,589.09,Scale,Paid
479,33,2025-04-26,588.1,Scale,Paid
480,33,2025-05-26,627.67,Scale,Paid
481,33,2025-06-25,609.08,Scale,Paid
482,33,2025-07-25,586.2,Scale,Paid
483,33,2025-08-24,-590.87,Scale,Refunded
484,33,2025-09-23,624.46,Scale,Paid
485,34,2025-01-23,206.88,Growth,Paid
486,34,2025-02-22,-194.89,Scale,Refunded
487,34,2025-03-24,599.65,Scale,Paid
488,34,2025-04-23,625.57,Scale,Paid
489,34,2025-05-23,571.48,Scale,Paid
490,34,2025-06-22,579.87,Scale,Paid
491,34,2025-07-22,582.85,Scale,Paid
492,34,2025-08-21,618.71,Scale,Paid
493,34,2025-09-20,614.65,Scale,Paid
494,34,2025-10-20,609.18,Scale,Paid
495,34,2025-11-19,587.5,Scale,Paid
496,34,2025-12-19,600.17,Scale,Paid
497,34,2026-01-18,600.11,Scale,Paid
498,34,2026-02-17,607.34,Scale,Failed
499,34,2026-03-19,593.58,Scale,Paid
500,34,2026-04-18,608.91,Scale,Paid
501,34,2026-05-18,628.09,Scale,Paid
502,34,2026-06-17,603.49,Scale,Paid
503,35,2024-03-31,207.6,Growth,Failed
504,35,2024-04-30,196.15,Growth,Paid
505,35,2024-05-30,207.21,Growth,Paid
506,35,2024-06-29,200.52,Growth,Paid
507,35,2024-07-29,191.19,Growth,Paid
508,35,2024-08-28,189.56,Growth,Paid
509,35,2024-09-27,193.9,Growth,Paid
510,35,2024-10-27,192.39,Growth,Paid
511,35,2024-11-26,208.06,Growth,Paid
512,35,2024-12-26,203.75,Growth,Paid
513,35,2025-01-25,201.72,Growth,Paid
514,35,2025-02-24,197.89,Growth,Paid
515,35,2025-03-26,192.61,Growth,Paid
516,35,2025-04-25,200.71,Growth,Paid
517,35,2025-05-25,191.47,Growth,Paid
518,35,2025-06-24,193.58,Growth,Paid
519,35,2025-07-24,198.24,Growth,Paid
520,35,2025-08-23,189.42,Growth,Paid
521,35,2025-09-22,200.93,Starter,Paid
522,35,2025-10-22,50.36,Starter,Paid
523,35,2025-11-21,48.19,Starter,Paid
524,35,2025-12-21,50.49,Starter,Paid
525,35,2026-01-20,50.7,Starter,Paid
526,35,2026-02-19,51.24,Starter,Failed
527,35,2026-03-21,48.62,Starter,Paid
528,35,2026-04-20,49.15,Starter,Paid
529,35,2026-05-20,49.02,Starter,Paid
530,35,2026-06-19,51.3,Starter,Paid
531,36,2024-01-23,49.65,Starter,Paid
532,36,2024-02-22,50.88,Starter,Paid
533,36,2024-03-23,47.85,Starter,Paid
534,36,2024-04-22,49.21,Starter,Failed
535,36,2024-05-22,47.78,Starter,Paid
536,36,2024-06-21,51.21,Starter,Paid
537,36,2024-07-21,49.72,Starter,Paid
538,36,2024-08-20,51.23,Starter,Paid
539,36,2024-09-19,48.84,Starter,Paid
540,36,2024-10-19,47.16,Starter,Paid
541,36,2024-11-18,48.54,Starter,Paid
542,36,2024-12-18,46.98,Starter,Paid
543,36,2025-01-17,49.54,Starter,Paid
544,36,2025-02-16,47.54,Starter,Paid
545,36,2025-03-18,49.24,Starter,Paid
546,36,2025-04-17,48.07,Starter,Paid
547,36,2025-05-17,49.06,Starter,Paid
548,36,2025-06-16,46.61,Starter,Paid
549,36,2025-07-16,47.72,Starter,Paid
550,36,2025-08-15,-47.95,Starter,Refunded
551,36,2025-09-14,50.33,Starter,Paid
552,36,2025-10-14,50.82,Starter,Paid
553,36,2025-11-13,48.45,Starter,Paid
554,36,2025-12-13,47.09,Starter,Paid
555,36,2026-01-12,50.17,Starter,Paid
556,36,2026-02-11,48.28,Starter,Paid
557,36,2026-03-13,50.71,Starter,Paid
558,36,2026-04-12,50.17,Starter,Paid
559,36,2026-05-12,48.88,Starter,Paid
560,36,2026-06-11,51.03,Starter,Paid
561,37,2025-07-13,189.14,Growth,Paid
562,37,2025-08-12,198.96,Growth,Failed
563,37,2025-09-11,197.37,Growth,Paid
564,37,2025-10-11,201.14,Growth,Paid
565,37,2025-11-10,198.16,Growth,Paid
566,37,2025-12-10,196.82,Growth,Paid
567,37,2026-01-09,195.46,Growth,Paid
568,37,2026-02-08,198.99,Growth,Paid
569,37,2026-03-10,195.1,Growth,Paid
570,37,2026-04-09,200.62,Growth,Paid
571,37,2026-05-09,195.49,Growth,Paid
572,37,2026-06-08,208.13,Growth,Paid
573,38,2024-04-11,623.59,Scale,Paid
574,38,2024-05-11,602.89,Scale,Paid
575,38,2024-06-10,615.38,Scale,Paid
576,38,2024-07-10,600.05,Scale,Paid
577,38,2024-08-09,592.38,Scale,Paid
578,38,2024-09-08,590.08,Scale,Failed
579,38,2024-10-08,600.51,Scale,Paid
580,38,2024-11-07,593.06,Scale,Paid
581,38,2024-12-07,621.75,Scale,Failed
582,38,2025-01-06,595.42,Scale,Paid
583,38,2025-02-05,589.61,Scale,Paid
584,38,2025-03-07,579.28,Scale,Paid
585,38,2025-04-06,618.53,Scale,Paid
586,38,2025-05-06,622.63,Scale,Paid
587,38,2025-06-05,628.37,Scale,Paid
588,38,2025-07-05,578.42,Scale,Paid
589,38,2025-08-04,599.29,Scale,Paid
590,38,2025-09-03,606.79,Scale,Paid
591,38,2025-10-03,628.58,Scale,Paid
592,38,2025-11-02,593.69,Scale,Paid
593,38,2025-12-02,610.42,Scale,Paid
594,38,2026-01-01,619.5,Scale,Paid
595,38,2026-01-31,580.83,Scale,Paid
596,38,2026-03-02,584.98,Scale,Paid
597,38,2026-04-01,628.78,Scale,Paid
598,38,2026-05-01,576.33,Scale,Paid
599,38,2026-05-31,575.44,Scale,Paid
600,38,2026-06-30,600.35,Scale,Paid
601,39,2025-03-02,205.1,Scale,Paid
602,39,2025-04-01,577.67,Scale,Paid
603,39,2025-05-01,571.02,Scale,Paid
604,39,2025-05-31,625.82,Scale,Paid
605,39,2025-06-30,606.43,Scale,Paid
606,39,2025-07-30,592.77,Scale,Paid
607,39,2025-08-29,572.32,Scale,Paid
608,39,2025-09-28,578.6,Scale,Paid
609,39,2025-10-28,569.42,Scale,Paid
610,39,2025-11-27,594.11,Scale,Paid
611,39,2025-12-27,627.72,Scale,Paid
612,39,2026-01-26,609.48,Scale,Paid
613,39,2026-02-25,592.93,Scale,Paid
614,39,2026-03-27,621.06,Scale,Paid
615,39,2026-04-26,591.75,Scale,Paid
616,40,2024-10-29,48.49,Starter,Paid
617,40,2024-11-28,50.82,Starter,Paid
618,40,2024-12-28,51.26,Starter,Paid
619,40,2025-01-27,49.26,Starter,Paid
620,40,2025-02-26,48.24,Starter,Paid
621,40,2025-03-28,46.67,Starter,Paid
622,40,2025-04-27,47.19,Starter,Paid
623,40,2025-05-27,50.41,Starter,Paid
624,40,2025-06-26,50.45,Starter,Paid
625,40,2025-07-26,47.61,Starter,Paid
626,40,2025-08-25,49.4,Starter,Paid
627,40,2025-09-24,47.55,Starter,Paid
628,40,2025-10-24,-51.17,Starter,Refunded
629,40,2025-11-23,-48.71,Starter,Refunded
630,40,2025-12-23,48.53,Starter,Paid
631,40,2026-01-22,50.23,Starter,Paid
632,40,2026-02-21,50.72,Starter,Paid
633,40,2026-03-23,46.69,Starter,Paid
634,40,2026-04-22,46.62,Starter,Paid
635,40,2026-05-22,50.35,Starter,Paid
636,40,2026-06-21,50.92,Starter,Paid
637,41,2025-03-31,50.5,Starter,Paid
638,41,2025-04-30,50.07,Starter,Paid
639,41,2025-05-30,50.55,Starter,Paid
640,41,2025-06-29,50.69,Starter,Paid
641,41,2025-07-29,49.63,Starter,Paid
642,41,2025-08-28,47.41,Starter,Paid
643,41,2025-09-27,49.94,Scale,Paid
644,41,2025-10-27,583.93,Scale,Paid
645,41,2025-11-26,606.72,Scale,Paid
646,41,2025-12-26,623.72,Scale,Paid
647,41,2026-01-25,571.47,Scale,Paid
648,41,2026-02-24,580.92,Scale,Paid
649,41,2026-03-26,571.4,Scale,Paid
650,41,2026-04-25,579.81,Scale,Paid
651,41,2026-05-25,611.98,Scale,Paid
652,41,2026-06-24,610.04,Scale,Paid
653,42,2024-11-15,619.02,Scale,Paid
654,42,2024-12-15,571.62,Scale,Paid
655,42,2025-01-14,571.89,Scale,Paid
656,42,2025-02-13,616.46,Scale,Paid
657,42,2025-03-15,613.95,Scale,Paid
658,42,2025-04-14,592.63,Scale,Paid
659,42,2025-05-14,585.89,Scale,Paid
660,42,2025-06-13,594.45,Scale,Failed
661,42,2025-07-13,613.29,Scale,Paid
662,42,2025-08-12,596.17,Scale,Paid
663,42,2025-09-11,594.71,Scale,Paid
664,42,2025-10-11,576.7,Scale,Paid
665,42,2025-11-10,611.14,Scale,Paid
666,42,2025-12-10,601.78,Scale,Failed
667,42,2026-01-09,601.63,Scale,Paid
668,42,2026-02-08,590.48,Scale,Paid
669,42,2026-03-10,587.65,Scale,Paid
670,42,2026-04-09,609.2,Scale,Paid
671,42,2026-05-09,599.92,Scale,Paid
672,42,2026-06-08,590.1,Scale,Paid
673,43,2026-05-13,47.25,Starter,Paid
674,43,2026-06-12,50.55,Starter,Paid
675,44,2025-04-02,47.38,Starter,Paid
676,44,2025-05-02,48.81,Starter,Paid
677,44,2025-06-01,47.11,Starter,Paid
678,44,2025-07-01,47.56,Starter,Paid
679,44,2025-07-31,47.52,Starter,Paid
680,44,2025-08-30,47.1,Starter,Paid
681,44,2025-09-29,48.33,Starter,Paid
682,44,2025-10-29,-46.6,Starter,Refunded
683,44,2025-11-28,46.96,Starter,Paid
684,44,2025-12-28,49.31,Starter,Paid
685,44,2026-01-27,48.68,Starter,Paid
686,44,2026-02-26,46.59,Starter,Paid
687,44,2026-03-28,49.63,Starter,Failed
688,44,2026-04-27,47.78,Starter,Paid
689,44,2026-05-27,46.69,Starter,Paid
690,44,2026-06-26,48,Starter,Paid
691,45,2025-04-14,50.69,Starter,Failed
692,45,2025-05-14,50.39,Starter,Paid
693,45,2025-06-13,48.15,Starter,Paid
694,45,2025-07-13,48.12,Starter,Paid
695,45,2025-08-12,48.36,Starter,Paid
696,45,2025-09-11,46.75,Starter,Paid
697,45,2025-10-11,50.57,Starter,Paid
698,45,2025-11-10,51.18,Starter,Paid
699,45,2025-12-10,47.32,Starter,Paid
700,45,2026-01-09,46.94,Starter,Paid
701,45,2026-02-08,48.72,Starter,Failed
702,45,2026-03-10,46.75,Starter,Paid
703,45,2026-04-09,50.09,Starter,Paid
704,45,2026-05-09,50.74,Starter,Paid
705,45,2026-06-08,47.94,Starter,Paid
706,46,2026-05-18,48.61,Starter,Paid
707,46,2026-06-17,49.81,Starter,Paid
708,47,2025-10-14,47.36,Starter,Paid
709,47,2025-11-13,49.31,Starter,Paid
710,47,2025-12-13,46.97,Starter,Paid
711,47,2026-01-12,51.31,Starter,Paid
712,47,2026-02-11,51.32,Starter,Failed
713,47,2026-03-13,50.52,Starter,Paid
714,47,2026-04-12,49.53,Starter,Paid
715,47,2026-05-12,51.22,Starter,Paid
716,47,2026-06-11,48.02,Starter,Paid
717,48,2024-11-09,189.6,Growth,Paid
718,48,2024-12-09,197.95,Growth,Paid
719,48,2025-01-08,196.45,Growth,Paid
720,48,2025-02-07,199.6,Growth,Paid
721,48,2025-03-09,191.32,Growth,Paid
722,48,2025-04-08,199.96,Growth,Paid
723,48,2025-05-08,194.09,Growth,Paid
724,48,2025-06-07,194.06,Growth,Paid
725,48,2025-07-07,193.56,Growth,Paid
726,48,2025-08-06,199.26,Growth,Paid
727,48,2025-09-05,197.17,Growth,Paid
728,48,2025-10-05,206.23,Growth,Paid
729,48,2025-11-04,204.11,Growth,Paid
730,48,2025-12-04,203.41,Growth,Paid
731,48,2026-01-03,196.85,Growth,Paid
732,48,2026-02-02,200.25,Growth,Paid
733,48,2026-03-04,204.5,Growth,Paid
734,48,2026-04-03,196.46,Growth,Paid
735,48,2026-05-03,193.29,Growth,Paid
736,48,2026-06-02,197.53,Growth,Paid
737,49,2025-02-20,50.82,Starter,Paid
738,49,2025-03-22,50.82,Starter,Paid
739,49,2025-04-21,48.22,Starter,Paid
740,49,2025-05-21,50.6,Starter,Paid
741,49,2025-06-20,50.16,Starter,Failed
742,49,2025-07-20,46.76,Starter,Paid
743,49,2025-08-19,49.24,Starter,Paid
744,49,2025-09-18,51.08,Starter,Paid
745,49,2025-10-18,47.5,Starter,Paid
746,49,2025-11-17,49.4,Growth,Paid
747,49,2025-12-17,190.52,Growth,Paid
748,49,2026-01-16,207.58,Growth,Paid
749,49,2026-02-15,205.69,Growth,Paid
750,49,2026-03-17,208.9,Growth,Paid
751,49,2026-04-16,197.89,Growth,Paid
752,49,2026-05-16,198.74,Starter,Paid
753,49,2026-06-15,46.92,Starter,Paid
754,50,2025-01-29,200.99,Growth,Paid
755,50,2025-02-28,202.84,Growth,Paid
756,50,2025-03-30,208.11,Growth,Paid
757,50,2025-04-29,199.56,Growth,Paid
758,50,2025-05-29,201.48,Growth,Paid
759,50,2025-06-28,203.52,Growth,Paid
760,50,2025-07-28,207.7,Growth,Paid
761,50,2025-08-27,198.67,Growth,Paid
762,50,2025-09-26,206.49,Growth,Paid
763,50,2025-10-26,203.52,Growth,Paid
764,50,2025-11-25,-190.31,Growth,Refunded
765,50,2025-12-25,200.46,Growth,Paid
766,50,2026-01-24,202.95,Growth,Paid
767,50,2026-02-23,190.95,Growth,Paid
768,50,2026-03-25,200.43,Growth,Paid
769,50,2026-04-24,204.83,Growth,Paid
770,50,2026-05-24,191.86,Growth,Paid
771,50,2026-06-23,195.85,Growth,Paid
772,51,2024-07-13,47.75,Starter,Paid
773,51,2024-08-12,48.19,Starter,Paid
774,51,2024-09-11,50.88,Starter,Paid
775,51,2024-10-11,50.93,Starter,Paid
776,51,2024-11-10,47.29,Starter,Paid
777,52,2024-06-29,49.84,Starter,Paid
778,52,2024-07-29,50.33,Starter,Failed
779,52,2024-08-28,47.25,Starter,Paid
780,52,2024-09-27,49.35,Starter,Paid
781,52,2024-10-27,46.91,Starter,Paid
782,52,2024-11-26,49.42,Starter,Paid
783,52,2024-12-26,-48.84,Starter,Refunded
784,52,2025-01-25,50.08,Starter,Failed
785,52,2025-02-24,48.11,Starter,Paid
786,52,2025-03-26,49.23,Starter,Paid
787,52,2025-04-25,47.71,Starter,Paid
788,52,2025-05-25,48.74,Starter,Paid
789,52,2025-06-24,49.01,Starter,Paid
790,52,2025-07-24,46.83,Starter,Paid
791,52,2025-08-23,46.91,Starter,Paid
792,52,2025-09-22,50.07,Starter,Paid
793,52,2025-10-22,49.7,Starter,Paid
794,52,2025-11-21,46.69,Starter,Paid
795,52,2025-12-21,46.68,Starter,Paid
796,52,2026-01-20,50.47,Starter,Paid
797,52,2026-02-19,50.45,Starter,Paid
798,52,2026-03-21,-50.35,Starter,Refunded
799,52,2026-04-20,51.16,Scale,Paid
800,52,2026-05-20,-602.84,Scale,Refunded
801,52,2026-06-19,605.83,Scale,Paid
802,53,2026-03-12,47.01,Starter,Paid
803,53,2026-04-11,50.31,Starter,Paid
804,53,2026-05-11,48.62,Starter,Paid
805,53,2026-06-10,49.27,Starter,Paid
806,54,2025-08-05,588.87,Scale,Paid
807,54,2025-09-04,611.66,Scale,Paid
808,54,2025-10-04,587.57,Scale,Paid
809,54,2025-11-03,596.19,Scale,Paid
810,54,2025-12-03,625.41,Scale,Paid
811,54,2026-01-02,597.55,Scale,Paid
812,54,2026-02-01,-590.76,Scale,Refunded
813,54,2026-03-03,614.37,Scale,Paid
814,54,2026-04-02,577.09,Scale,Paid
815,54,2026-05-02,602.31,Scale,Paid
816,54,2026-06-01,590.95,Scale,Paid
817,54,2026-07-01,613.24,Scale,Failed
818,55,2025-02-25,46.69,Starter,Paid
819,55,2025-03-27,51.36,Starter,Paid
820,55,2025-04-26,48.24,Starter,Paid
821,55,2025-05-26,48.14,Starter,Paid
822,55,2025-06-25,50.14,Starter,Paid
823,55,2025-07-25,48.52,Starter,Paid
824,55,2025-08-24,49.31,Starter,Paid
825,55,2025-09-23,51.18,Starter,Paid
826,55,2025-10-23,47.78,Starter,Paid
827,55,2025-11-22,47.68,Starter,Paid
828,55,2025-12-22,49.7,Starter,Paid
829,55,2026-01-21,47.61,Starter,Paid
830,55,2026-02-20,50.78,Starter,Paid
831,55,2026-03-22,50.23,Starter,Paid
832,55,2026-04-21,48.17,Starter,Paid
833,55,2026-05-21,47.34,Starter,Paid
834,55,2026-06-20,48.77,Starter,Paid
835,56,2024-10-20,47.58,Starter,Paid
836,56,2024-11-19,50.37,Starter,Paid
837,56,2024-12-19,-50.78,Starter,Refunded
838,56,2025-01-18,46.67,Starter,Paid
839,56,2025-02-17,46.6,Starter,Paid
840,56,2025-03-19,50.16,Starter,Paid
841,57,2025-10-01,49.9,Starter,Paid
842,57,2025-10-31,51.05,Starter,Paid
843,57,2025-11-30,51.35,Starter,Paid
844,57,2025-12-30,50.43,Growth,Paid
845,57,2026-01-29,200.49,Growth,Paid
846,58,2024-05-13,46.79,Starter,Paid
847,58,2024-06-12,47.09,Starter,Failed
848,58,2024-07-12,49.12,Starter,Paid
849,58,2024-08-11,49.2,Starter,Paid
850,58,2024-09-10,51.42,Starter,Paid
851,58,2024-10-10,51.24,Starter,Paid
852,58,2024-11-09,-50.73,Starter,Refunded
853,58,2024-12-09,46.9,Scale,Paid
854,58,2025-01-08,573.18,Scale,Paid
855,58,2025-02-07,593.5,Scale,Paid
856,58,2025-03-09,569.68,Scale,Paid
857,58,2025-04-08,601.63,Scale,Paid
858,58,2025-05-08,627.89,Scale,Paid
859,58,2025-06-07,592.97,Scale,Paid
860,58,2025-07-07,627.33,Scale,Paid
861,58,2025-08-06,593.61,Scale,Paid
862,58,2025-09-05,569.36,Scale,Paid
863,58,2025-10-05,584.3,Scale,Paid
864,58,2025-11-04,583.47,Scale,Paid
865,58,2025-12-04,619.55,Scale,Paid
866,58,2026-01-03,572.02,Scale,Paid
867,58,2026-02-02,607.76,Scale,Paid
868,58,2026-03-04,627.25,Scale,Paid
869,58,2026-04-03,620.17,Scale,Paid
870,58,2026-05-03,628.64,Scale,Paid
871,58,2026-06-02,613.57,Scale,Paid
872,59,2025-12-29,48.48,Starter,Paid
873,59,2026-01-28,49.87,Starter,Paid
874,59,2026-02-27,49.21,Starter,Paid
875,59,2026-03-29,47.85,Starter,Paid
876,59,2026-04-28,50.09,Starter,Paid
877,59,2026-05-28,47.63,Starter,Paid
878,59,2026-06-27,49.14,Starter,Paid
879,60,2025-04-28,50.54,Starter,Paid
880,60,2025-05-28,50.58,Starter,Paid
881,60,2025-06-27,50.6,Starter,Paid
882,60,2025-07-27,46.76,Starter,Paid
883,60,2025-08-26,50.56,Starter,Paid
884,60,2025-09-25,47.78,Starter,Paid
885,60,2025-10-25,50.49,Starter,Paid
886,60,2025-11-24,46.98,Starter,Paid
887,60,2025-12-24,49.96,Starter,Paid
888,60,2026-01-23,50.46,Starter,Paid
889,60,2026-02-22,49.88,Starter,Paid
890,60,2026-03-24,47.71,Starter,Paid
891,60,2026-04-23,48.42,Starter,Paid
892,60,2026-05-23,49.35,Starter,Paid
893,60,2026-06-22,50.07,Starter,Paid
894,61,2025-07-27,193.86,Growth,Paid
895,61,2025-08-26,201.71,Growth,Paid
896,61,2025-09-25,197.47,Growth,Paid
897,61,2025-10-25,196.45,Growth,Paid
898,61,2025-11-24,196.36,Growth,Paid
899,61,2025-12-24,197.17,Growth,Paid
900,61,2026-01-23,196.06,Growth,Paid
901,61,2026-02-22,207.45,Growth,Paid
902,61,2026-03-24,203.22,Growth,Paid
903,61,2026-04-23,195.61,Growth,Paid
904,61,2026-05-23,196.6,Growth,Paid
905,61,2026-06-22,206.99,Scale,Paid
906,62,2024-06-20,51.13,Starter,Paid
907,62,2024-07-20,51.43,Starter,Paid
908,62,2024-08-19,48.5,Starter,Paid
909,62,2024-09-18,46.6,Starter,Paid
910,62,2024-10-18,49.2,Starter,Failed
911,62,2024-11-17,48.17,Starter,Paid
912,62,2024-12-17,46.99,Starter,Paid
913,62,2025-01-16,46.63,Starter,Paid
914,63,2024-09-15,47.61,Starter,Paid
915,63,2024-10-15,47.53,Starter,Paid
916,63,2024-11-14,49.25,Starter,Paid
917,63,2024-12-14,47.24,Starter,Paid
918,63,2025-01-13,49.62,Starter,Paid
919,63,2025-02-12,51.36,Starter,Paid
920,63,2025-03-14,49.1,Starter,Paid
921,63,2025-04-13,49.8,Starter,Paid
922,63,2025-05-13,50.89,Starter,Paid
923,63,2025-06-12,47.77,Starter,Paid
924,63,2025-07-12,49.19,Starter,Paid
925,63,2025-08-11,47.57,Starter,Paid
926,63,2025-09-10,49.77,Starter,Paid
927,63,2025-10-10,51.11,Starter,Paid
928,63,2025-11-09,50.01,Starter,Paid
929,63,2025-12-09,46.59,Starter,Paid
930,63,2026-01-08,50.58,Starter,Paid
931,63,2026-02-07,48.7,Starter,Paid
932,63,2026-03-09,51.32,Starter,Paid
933,63,2026-04-08,50.12,Starter,Paid
934,63,2026-05-08,47.43,Starter,Paid
935,63,2026-06-07,47.22,Starter,Paid
936,64,2024-08-16,48.99,Starter,Paid
937,64,2024-09-15,50.16,Starter,Paid
938,64,2024-10-15,50.08,Starter,Paid
939,64,2024-11-14,49.17,Starter,Paid
940,64,2024-12-14,50.06,Starter,Paid
941,64,2025-01-13,47.54,Starter,Paid
942,64,2025-02-12,47.65,Starter,Paid
943,64,2025-03-14,48.72,Starter,Paid
944,64,2025-04-13,51.08,Starter,Paid
945,64,2025-05-13,48.74,Starter,Paid
946,64,2025-06-12,50.46,Starter,Paid
947,64,2025-07-12,48.07,Starter,Paid
948,64,2025-08-11,47.6,Starter,Failed
949,64,2025-09-10,-47.68,Starter,Refunded
950,64,2025-10-10,47.31,Starter,Paid
951,64,2025-11-09,49.95,Starter,Paid
952,64,2025-12-09,47.45,Starter,Paid
953,64,2026-01-08,46.74,Starter,Paid
954,64,2026-02-07,47.58,Starter,Paid
955,64,2026-03-09,46.91,Scale,Paid
956,64,2026-04-08,622.32,Scale,Paid
957,64,2026-05-08,585.82,Scale,Paid
958,64,2026-06-07,614.35,Scale,Paid
959,65,2025-10-14,204.33,Growth,Paid
960,65,2025-11-13,200.57,Growth,Paid
961,65,2025-12-13,191.05,Growth,Paid
962,65,2026-01-12,192.08,Growth,Paid
963,65,2026-02-11,196.02,Growth,Paid
964,65,2026-03-13,196.29,Growth,Paid
965,65,2026-04-12,205.15,Growth,Paid
966,65,2026-05-12,203.91,Growth,Paid
967,65,2026-06-11,196.88,Starter,Paid
968,66,2025-03-31,593.79,Scale,Paid
969,66,2025-04-30,619.2,Scale,Paid
970,66,2025-05-30,613.03,Scale,Paid
971,66,2025-06-29,574.44,Scale,Paid
972,66,2025-07-29,619.17,Scale,Paid
973,66,2025-08-28,575.43,Scale,Paid
974,66,2025-09-27,585.25,Scale,Paid
975,66,2025-10-27,583.78,Scale,Paid
976,66,2025-11-26,584.4,Scale,Failed
977,66,2025-12-26,-602.31,Scale,Refunded
978,66,2026-01-25,612.57,Scale,Paid
979,66,2026-02-24,574.74,Scale,Paid
980,66,2026-03-26,616.47,Scale,Paid
981,66,2026-04-25,613.6,Scale,Paid
982,66,2026-05-25,-619.43,Scale,Refunded
983,66,2026-06-24,606.44,Scale,Paid
984,67,2026-02-08,191.45,Growth,Paid
985,67,2026-03-10,193.9,Growth,Paid
986,67,2026-04-09,205.35,Growth,Paid
987,67,2026-05-09,195.76,Growth,Paid
988,67,2026-06-08,204.43,Growth,Paid
989,68,2024-06-01,46.96,Starter,Paid
990,68,2024-07-01,47.45,Starter,Paid
991,68,2024-07-31,50.4,Starter,Paid
992,68,2024-08-30,47.28,Starter,Paid
993,68,2024-09-29,50.46,Starter,Paid
994,68,2024-10-29,51.08,Starter,Paid
995,68,2024-11-28,46.88,Starter,Paid
996,68,2024-12-28,46.73,Starter,Paid
997,68,2025-01-27,46.89,Starter,Paid
998,68,2025-02-26,50.8,Starter,Paid
999,68,2025-03-28,48.57,Starter,Paid
1000,68,2025-04-27,49.41,Starter,Paid
1001,69,2024-02-24,50.33,Starter,Paid
1002,69,2024-03-25,49.95,Starter,Paid
1003,69,2024-04-24,48.83,Starter,Paid
1004,69,2024-05-24,47.36,Starter,Paid
1005,69,2024-06-23,51.14,Starter,Paid
1006,69,2024-07-23,49.46,Starter,Paid
1007,69,2024-08-22,46.88,Starter,Paid
1008,69,2024-09-21,50.23,Starter,Paid
1009,69,2024-10-21,49.43,Starter,Paid
1010,69,2024-11-20,49.37,Starter,Failed
1011,69,2024-12-20,46.8,Starter,Paid
1012,69,2025-01-19,49.62,Starter,Paid
1013,69,2025-02-18,48.41,Starter,Failed
1014,69,2025-03-20,49.84,Starter,Paid
1015,69,2025-04-19,50.98,Starter,Paid
1016,69,2025-05-19,48.02,Starter,Paid
1017,69,2025-06-18,50.85,Starter,Paid
1018,69,2025-07-18,48.02,Starter,Paid
1019,69,2025-08-17,46.96,Starter,Paid
1020,69,2025-09-16,46.71,Starter,Paid
1021,69,2025-10-16,47.47,Starter,Paid
1022,69,2025-11-15,49.19,Starter,Paid
1023,69,2025-12-15,49.62,Starter,Paid
1024,69,2026-01-14,48.46,Starter,Paid
1025,69,2026-02-13,47.37,Starter,Paid
1026,69,2026-03-15,50.87,Starter,Failed
1027,69,2026-04-14,48.11,Starter,Paid
1028,69,2026-05-14,49.52,Starter,Paid
1029,69,2026-06-13,48.47,Starter,Paid
1030,70,2024-04-03,47.06,Starter,Paid
1031,70,2024-05-03,49.77,Starter,Paid
1032,70,2024-06-02,51.37,Starter,Paid
1033,70,2024-07-02,49.81,Starter,Paid
1034,70,2024-08-01,47.79,Starter,Paid
1035,70,2024-08-31,48.17,Starter,Paid
1036,70,2024-09-30,48.05,Starter,Paid
1037,70,2024-10-30,51.15,Starter,Paid
1038,70,2024-11-29,49.76,Starter,Paid
1039,70,2024-12-29,46.64,Starter,Paid
1040,70,2025-01-28,47.13,Starter,Paid
1041,70,2025-02-27,49.06,Starter,Paid
1042,70,2025-03-29,48.8,Starter,Failed
1043,70,2025-04-28,46.58,Starter,Failed
1044,70,2025-05-28,47.47,Starter,Paid
1045,70,2025-06-27,51.44,Starter,Paid
1046,70,2025-07-27,51.36,Starter,Paid
1047,70,2025-08-26,50.34,Starter,Paid
1048,70,2025-09-25,48.55,Starter,Paid
1049,70,2025-10-25,49.68,Starter,Paid
1050,70,2025-11-24,48.32,Starter,Paid
1051,70,2025-12-24,50.63,Starter,Paid
1052,70,2026-01-23,49.16,Starter,Paid
1053,70,2026-02-22,50.51,Starter,Paid
1054,70,2026-03-24,49.1,Starter,Paid
1055,70,2026-04-23,-49.43,Starter,Refunded
1056,70,2026-05-23,48.31,Starter,Paid
1057,70,2026-06-22,50.92,Starter,Paid
1058,72,2026-06-17,207.52,Growth,Paid
1059,73,2025-01-22,48.32,Starter,Paid
1060,73,2025-02-21,48.87,Starter,Paid
1061,73,2025-03-23,49.6,Starter,Paid
1062,73,2025-04-22,47.33,Starter,Paid
1063,73,2025-05-22,47.92,Starter,Paid
1064,73,2025-06-21,50.71,Starter,Paid
1065,73,2025-07-21,48.47,Starter,Paid
1066,73,2025-08-20,50.52,Starter,Paid
1067,73,2025-09-19,48.75,Starter,Paid
1068,73,2025-10-19,49.97,Starter,Paid
1069,73,2025-11-18,-48.31,Starter,Refunded
1070,73,2025-12-18,50.84,Starter,Paid
1071,73,2026-01-17,50.61,Starter,Paid
1072,73,2026-02-16,51.11,Starter,Paid
1073,73,2026-03-18,50.09,Starter,Paid
1074,73,2026-04-17,48.53,Starter,Paid
1075,73,2026-05-17,50.66,Starter,Paid
1076,73,2026-06-16,48.2,Starter,Paid
